空域ID,城市,垂直范围,水平范围
ZYHBAR01,哈尔滨,0-9800,"N533000 E1222035, N503748 E1230212, N501636 E1224618, N483112 E1230354, N475755 E1244238, N471650 E1253925, N453740 E1261531, N451742 E1311130, N451323 E1314128, National Boundaries, N533000 E1222035"
ZYHBAR02,哈尔滨,0-9800,"N451323 E1314128, N451742 E1311130, N453740 E1261531, N452654 E1260248, N441506 E1242330, N434618 E1255057, N435240 E1261656, N433724 E1271700, N440303 E1311747, National Boundaries, N451323 E1314128"
ZYHBAR03,哈尔滨,0-9800,"N441506 E1242330, N452654 E1260248, N453740 E1261531, N471650 E1253925, N475755 E1244238, N483112 E1230354, N460412 E1220424, N444836 E1230430, N441506 E1242330"
ZBLAAR01,海拉尔,0-12500,"N533000 E1222035, N503748 E1230212, N501636 E1224618, N483112 E1230354, N460412 E1220424, N463655 E1194603, National Boundaries, N533000 E1222035"
ZYTXAR01,沈阳,0-12500,"N411430 E1183754, N395400 E1192100, N401548 E1221130, N413400 E1224757, N421734 E1230855, N425303 E1220553, N411430 E1183754"
ZYTXAR02,沈阳,0-12500,"N440512 E1245343, N431021 E1233345, N420139 E1260358, N434609 E1264251, N435240 E1261656, N434618 E1255057, N440512 E1245343"
ZYTXAR03,沈阳,0-12500,"N403845 E1251608, N413400 E1224757, N401548 E1221130, N394941 E1241006, National Boundaries, N403845 E1251608"
ZYTXAR04,沈阳,0-12500,"N444836 E1230430, N445938 E1225554, N435955 E1200404, N425303 E1220553, N421734 E1230855, N431021 E1233345, N440512 E1245343, N441506 E1242330, N444836 E1230430"
ZYTXAR05,沈阳,0-12500,"N452317 E1152115, N431442 E1173100, N435955 E1200404, N445938 E1225554, N460412 E1220424, N463655 E1194603, National Boundaries, N452317 E1152115"
ZYTXAR06,沈阳,0-12500,"N414235 E1264351, N420139 E1260358, N431021 E1233345, N421734 E1230855, N413400 E1224757, N403845 E1251608, National Boundaries, N414235 E1264351"
ZYTXAR07,沈阳,0-12500,"N431442 E1173100, N411430 E1183754, N425303 E1220553, N435955 E1200404, N431442 E1173100"
ZYTXAR08,沈阳,0-12500,"N440303 E1311747, N433724 E1271700, N434609 E1264251, N420139 E1260358, N414235 E1264351, National Boundaries, N440303 E1311747"
ZYTXAR09,沈阳,9800-12500,"N440303 E1311747, N433724 E1271700, N435240 E1261656, N434618 E1255057, N441506 E1242330, N444836 E1230430, N460412 E1220424, N483112 E1230354, N501636 E1224618, N503748 E1230212, N533000 E1222035, National Boundaries, N440303 E1311747"
ZBAAAR01,北京,7800-12500,"N452317 E1152115, N431442 E1173100, N423341 E1175404, N422553 E1151044, N412000 E1143100, N412749 E1132340, N405806 E1125518, N413057 E1125726, N415625 E1123846, N432415 E1112236, National Boundaries, N452317 E1152115"
ZBAAAR02,北京,0-12500,"N415155 E1181718, N413740 E1171804, N413439 E1170452, N411246 E1165944, N410950 E1144332, N412000 E1143100, N422553 E1151044, N423341 E1175404, N415155 E1181718"
ZBAAAR03,北京,0-12500,"N404250 E1171655, N402102 E1170843, N400700 E1171117, N394636 E1171459, N393653 E1160645, N401905 E1160806, N402916 E1160846, N405221 E1150651, N410950 E1144332, N411246 E1165944, N404448 E1165513, N404250 E1171655"
ZBAAAR04,北京,0-12500,"N402256 E1190536, N401517 E1180952, N400700 E1171117, N402102 E1170843, N404250 E1171655, N404448 E1165513, N411246 E1165944, N413439 E1170452, N413740 E1171804, N415155 E1181718, N402256 E1190536"
ZBAAAR05,北京,0-12500,"N402916 E1160846, N401905 E1160806, N400605 E1152929, N401004 E1141227, N401232 E1133246, N401501 E1130037, N401630 E1122901, N403111 E1122946, N405806 E1125518, N412749 E1132340, N412000 E1143100, N410950 E1144332, N405221 E1150651, N402916 E1160846"
ZBAAAR06,北京,0-12500,"N401630 E1122901, N401031 E1123021, N394930 E1124821, N394943 E1132456, N384809 E1135202, N383414 E1135810, N385312 E1143635, N391831 E1152815, N393653 E1160645, N401905 E1160806, N400605 E1152929, N401004 E1141227, N401232 E1133246, N401501 E1130037, N401630 E1122901"
ZBAAAR07,北京,7800-12500,"N432415 E1112236, N415625 E1123846, N413057 E1125726, N405806 E1125518, N403111 E1122946, N401630 E1122901, N401031 E1123021, N394930 E1124821, N393100 E1121700, N391856 E1113647, N390223 E1104150, N405049 E1104629, N421952 E1094000, N424022 E1101306, National Boundaries, N432415 E1112236"
ZBAAAR08,北京,7800-12500,"N424022 E1101306, N421952 E1094000, N405049 E1104629, N390223 E1104150, N384400 E1094100, N401842 E1070012, N404300 E1055500, N414451 E1051345, National Boundaries, N424022 E1101306"
ZBAAAR09,北京,7800-12500,"N384400 E1094100, N390223 E1104150, N391856 E1113647, N370342 E1122120, N353542 E1123859, N351345 E1114909, N343200 E1101500, N353200 E1101800, N372800 E1104400, N382200 E1103600, N384400 E1094100"
ZBAAAR10,北京,7800-12500,"N391856 E1113647, N393100 E1121700, N394930 E1124821, N394943 E1132456, N383414 E1135810, N381900 E1140500, N373655 E1141357, N370342 E1122120, N391856 E1113647"
ZBAAAR11,北京,7800-12500,"N370342 E1122120, N373655 E1141357, N361900 E1143000, N360400 E1134836, N354252 E1125635, N353542 E1123859, N370342 E1122120"
ZBAAAR12,北京,0-12500,"N383414 E1135810, N385312 E1143635, N391831 E1152815, N384003 E1153153, N383952 E1154034, N381717 E1152620, N374837 E1152812, N374009 E1152255, N374928 E1145751, N373655 E1141357, N381900 E1140500, N383414 E1135810"
ZBAAAR13,北京,0-8400,"N373655 E1141357, N374928 E1145751, N374009 E1152255, N372520 E1160203, N365511 E1160246, N364000 E1152400, N361900 E1143000, N373655 E1141357"
ZBAAAR14,北京,8400-12500,"N373655 E1141357, N374928 E1145751, N374009 E1152255, N372520 E1160203, N365511 E1160246, N364000 E1152400, N361900 E1143000, N373655 E1141357"
ZBAAAR15,北京,0-8400,"N391831 E1152815, N393653 E1160645, N383850 E1161217, N381545 E1160139, N374249 E1160148, N372520 E1160203, N374009 E1152255, N374837 E1152812, N381717 E1152620, N383952 E1154034, N384003 E1153153, N391831 E1152815"
ZBAAAR16,北京,8400-12500,"N383952 E1154034, N383850 E1161217, N381545 E1160139, N374249 E1160148, N372520 E1160203, N374009 E1152255, N374837 E1152812, N381717 E1152620, N383952 E1154034"
ZBAAAR17,北京,0-12500,"N383850 E1161217, N381545 E1160139, N374249 E1160148, N372520 E1160203, N365511 E1160246, N371502 E1165337, N381641 E1162906, N383815 E1163052, N383850 E1161217"
ZBAAAR18,北京,0-12500,"N383633 E1172443, N372912 E1173000, N372654 E1172409, N371502 E1165337, N381641 E1162906, N383815 E1163052, N383633 E1172443"
ZBAAAR19,北京,0-12500,"N394636 E1171459, N392536 E1171847, N390917 E1173001, N390413 E1180204, N384239 E1180139, N383522 E1180225, N383633 E1172443, N383815 E1163052, N383850 E1161217, N383952 E1154034, N384003 E1153153, N391831 E1152815, N393653 E1160645, N394636 E1171459"
ZBAAAR20,北京,0-12500,"N400700 E1171117, N401517 E1180952, N402256 E1190536, N395400 E1192100, N385756 E1184517, N383630 E1184212, N384239 E1180139, N390413 E1180204, N390917 E1173001, N392536 E1171847, N400700 E1171117"
ZBAAAR21,北京,0-12500,"N395400 E1192100, N393000 E1195200, N384441 E1195659, N382444 E1195858, N383630 E1184212, N385756 E1184517, N395400 E1192100"
ZBAAAR22,北京,0-12500,"N383522 E1180225, N384239 E1180139, N383630 E1184212, N382444 E1195858, N381500 E1200000, N380700 E1193300, N374241 E1181300, N372912 E1173000, N383633 E1172443, N383522 E1180225"
ZBAAAR23,北京,7800-12500,"N364000 E1152400, N365511 E1160246, N371502 E1165337, N372654 E1172409, N372912 E1173000, N374241 E1181300, N380700 E1193300, N373724 E1194148, N363842 E1190718, N361210 E1191102, N361926 E1180214, N362215 E1173418, N362436 E1171242, N355543 E1151123, N363818 E1151938, N364000 E1152400"
ZBAAAR24,北京,7800-12500,"N355543 E1151123, N362436 E1171242, N362215 E1173418, N361926 E1180214, N361210 E1191102, N350530 E1192024, N344400 E1171642, N343100 E1155430, N345328 E1152845, N351800 E1150400, N355543 E1151123"
ZBAAAR25,北京,9800-12500,"N354252 E1125635, N360400 E1134836, N361900 E1143000, N363818 E1151938, N355543 E1151123, N351800 E1150400, N345328 E1152845, N341731 E1144240, N342221 E1141823, N342706 E1135425, N340754 E1132653"
ZBAAAR26,北京,7800-9800,"N354252 E1125635, N360400 E1134836, N361900 E1143000, N363818 E1151938, N355543 E1151123, N351800 E1150400, N345328 E1152845, N341731 E1144240, N342221 E1141823, N342706 E1135425, N340754 E1132653, N354252 E1125635"
ZBAAAR27,北京,9800-12500,"N342706 E1135425, N342221 E1141823, N341731 E1144240, N345328 E1152845, N343100 E1155430, N325430 E1154848, N320730 E1140412, N323403 E1130519, N335400 E1133035, N340754 E1132653, N342706 E1135425"
ZBAAAR28,北京,7800-9800,"N342706 E1135425, N342221 E1141823, N341731 E1144240, N345328 E1152845, N343100 E1155430, N325430 E1154848, N320730 E1140412, N323403 E1130519, N335400 E1133035, N340754 E1132653, N342706 E1135425"
ZBAAAR29,北京,9800-12500,"N343200 E1101500, N351345 E1114909, N353542 E1123859, N354252 E1125635, N340754 E1132653, N335400 E1133035, N323403 E1130519, N325635 E1121509, N325736 E1121244, N331918 E1112104, N333200 E1105200, N340500 E1102900, N343200 E1101500"
ZBAAAR30,北京,7800-9800,"N343200 E1101500, N351345 E1114909, N345230 E1115500, N340458 E1120734, N325736 E1121244, N331918 E1112104, N333200 E1105200, N340500 E1102900, N343200 E1101500"
ZBAAAR31,北京,7800-9800,"N351345 E1114909, N353542 E1123859, N354252 E1125635, N340754 E1132653, N335400 E1133035, N323403 E1130519, N325635 E1121509, N325736 E1121244, N340458 E1120734, N351345 E1114909"
ZBYNAR01,太原,6000-7800,"N392337 E1115042, N393100 E1121700, N400600 E1131736, N381900 E1140500, N372715 E1141600, N370341 E1122120, N371810 E1121618, N392337 E1115042"
ZBYNAR02,太原,0-7800,"N370341 E1122120, N372715 E1141600, N361900 E1143000, N360400 E1134836, N353145 E1122912, N370341 E1122120"
ZBYNAR03,太原,0-7800,"N352639 E1101744, N371810 E1121618, N370341 E1122120, N353145 E1122912, N343200 E1101500, N352639 E1101744"
ZBYNAR04,太原,6000-7800,"N384400 E1094100, N392337 E1115042, N371810 E1121618, N352639 E1101744, N353200 E1101800, N362824 E1103036, N372800 E1104400, N375548 E1103954, N382200 E1103600, N384400 E1094100"
ZBYNAR05,太原,0-6000,"N384400 E1094100, N393100 E1121700, N400600 E1131736, N381900 E1140500, N372715 E1141600, N370341 E1122120, N371810 E1121618, N352639 E1101744, N353200 E1101800, N362824 E1103036, N372800 E1104400, N375548 E1103954, N382200 E1103600, N384400 E1094100"
ZYTLAR01,大连,8900-12500,"N395400 E1192100, N400720 E1210103, N394237 E1202908, N384233 E1210404, N383134 E1221216, N381501 E1221256, N381500 E1200000, N393000 E1195200, N395400 E1192100"
ZYTLAR02,大连,8900-12500,"N400720 E1210103, N401548 E1221130, N394941 E1241006, N385742 E1240456, N382852 E1222918, N383134 E1221216, N384233 E1210404, N394237 E1202908, N400720 E1210103"
ZYTLAR03,大连,8900-12500,"N381501 E1221256, N380726 E1221704, N372831 E1230712, N370056 E1230759, N365100 E1232200, N363726 E1234005, N363732 E1240000, N380000 E1240000, N385742 E1240456, N382852 E1222918, N383134 E1221216"
ZYTLAR04,大连,0-8900,"N395400 E1192100, N400720 E1210103, N394237 E1202908, N384233 E1210404, N383134 E1221216, N381501 E1221256, N381500 E1200000, N393000 E1195200, N395400 E1192100"
ZYTLAR05,大连,0-8900,"N400720 E1210103, N401548 E1221130, N394941 E1241006, N385742 E1240456, N382852 E1222918, N383134 E1221216, N384233 E1210404, N394237 E1202908, N400720 E1210103"
ZYTLAR06,大连,0-8900,"N381501 E1221256, N380726 E1221704, N372831 E1230712, N370056 E1230759, N365100 E1232200, N363726 E1234005, N363732 E1240000, N380000 E1240000, N385742 E1240456, N382852 E1222918, N383134 E1221216, N381501 E1221256"
ZSJNAP01,济南,0-7800,"N364000 E1152400, N372654 E1172409, N362215 E1173418, N362436 E1171242, N355912 E1152542, N364000 E1152400"
ZSJNAP02,济南,0-7800,"N355912 E1152542, N362436 E1171242, N361210 E1191102, N350530 E1192024, N344400 E1171642, N343100 E1155430, N351448 E1152700, N355912 E1152542"
ZSJNAP03,济南,0-7800,"N372654 E1172409, N372912 E1173000, N380700 E1193300, N373724 E1194148, N363842 E1190718, N361210 E1191102, N362215 E1173418, N372654 E1172409"
ZSJNAP04,济南,0-3000,"N380700 E1193300, N373724 E1194148, N363842 E1190718, N361210 E1191102, N350530 E1192024, N344400 E1171642, N343100 E1155430, N351448 E1152700, N360002 E1152530, N360002 E1181300, N374241 E1181300, N380700 E1193300"
ZSOFAP01,合肥,0-7800,"N314300 E1180618, N324000 E1175254, N315717 E1170257, N314106 E1170015, N312035 E1165838, N312414 E1184252, N313412 E1184200, N313910 E1180600, N314300 E1180618"
ZSOFAP02,合肥,0-7800,"N312035 E1165838, N300500 E1155600, N294412 E1181512, N305706 E1184512, N312414 E1184252, N312035 E1165838"
ZSOFAP03,合肥,0-7800,"N315241 E1155127, N315717 E1170257, N314106 E1170015, N312035 E1165838, N300500 E1155600, N315241 E1155127"
ZSOFAP04,合肥,0-7800,"N343100 E1155430, N325430 E1154848, N315241 E1155127, N315717 E1170257, N320307 E1170943, N333155 E1163749, N343100 E1155430"
ZSOFAP05,合肥,0-7800,"N343100 E1155430, N344400 E1171642, N340342 E1173254, N324000 E1175254, N320307 E1170943, N333155 E1163749, N343100 E1155430"
ZSQDAP01,青岛,0-12500,"N381500 E1214834, N381501 E1221256, N380726 E1221704, N372831 E1230712, N370056 E1230759, N365100 E1232200, N363726 E1234005, N363732 E1240000, N362124 E1240000, N362410 E1232310, N363617 E1225344, N362555 E1213313, N372700 E1211048, N381500 E1214834"
ZSQDAP02,青岛,8400-12500,"N380700 E1193300, N381500 E1200000, N381500 E1214834, N372700 E1211048, N362555 E1213313, N361712 E1202206, N361210 E1191102, N363842 E1190718, N373724 E1194148, N380700 E1193300"
ZSQDAP03,青岛,6600-8400,"N380700 E1193300, N381500 E1200000, N381500 E1214834, N372700 E1211048, N362555 E1213313, N361712 E1202206, N361210 E1191102, N363842 E1190718, N373724 E1194148, N380700 E1193300"
ZSQDAP06,青岛,0-8400,"N361210 E1191102, N361712 E1202206, N362555 E1213313, N355824 E1214149, N350000 E1220458, N350000 E1200000, N350530 E1192024, N361210 E1191102"
ZSQDAP07,青岛,8400-12500,"N361210 E1191102, N361712 E1202206, N362555 E1213313, N355824 E1214149, N350000 E1220458, N350000 E1200000, N350530 E1192024, N361210 E1191102"
ZSQDAP08,青岛,0-12500,"N362555 E1213313, N355824 E1214149, N350000 E1220458, N350000 E1240000, N362124 E1240000, N362410 E1232310, N363617 E1225344, N362555 E1213313"
ZSQDAP09,青岛,0-6600,"N380700 E1193300, N381500 E1200000, N381500 E1214834, N372700 E1211048, N362555 E1213313, N361712 E1202206, N361210 E1191102, N363842 E1190718, N373724 E1194148, N380700 E1193300"
ZSSSAR01,上海,6000-12500,"N294030 E1185740, N293050 E1185655, N292505 E1190115, N291920 E1190540, N290700 E1192310, N292400 E1193810, N291534 E1200725, N293700 E1201400, N295307 E1201431, N295715 E1194712, N300046 E1192656, N294030 E1185740"
ZSSSAR02,上海,0-12500,"N282700 E1195359, N291534 E1200725, N293700 E1201400, N295307 E1201431, N293554 E1204854, N290120 E1213600, N283730 E1212648, N282700 E1204300, N282700 E1195359"
ZSSSAR03,上海,0-12500,"N320141 E1240000, N321452 E1250000, N312442 E1250000, N311132 E1240000, N290000 E1240000, N293508 E1234654, N303512 E1222400, N311241 E1224630, N314611 E1224630, N322636 E1225724, N323902 E1240000, N320141 E1240000"
ZSSSAR04,上海,0-12500,"N313847 E1204605, N314758 E1203811, N321017 E1192943, N324755 E1185316, N332700 E1203136, N314342 E1212401, N313847 E1204605"
ZSSSAR05,上海,0-12500,"N313521 E1201944, N314342 E1212401, N315236 E1214712, N314611 E1224630, N311241 E1224630, N301500 E1221200, N301518 E1211311, N302247 E1205633, N311911 E1201848, N313521 E1201944"
ZSSSAR06,上海,6000-12500,"N334906 E1173624, N324000 E1175254, N324021 E1183441, N324755 E1185316, N332700 E1203136, N341855 E1201402, N334630 E1190642, N334906 E1180936, N334906 E1173624"
ZSSSAR07,上海,0-12500,"N331100 E1203950, N332700 E1203136, N350000 E1200000, N350000 E1201039, N350000 E1240000, N323902 E1240000, N322636 E1225724, N331100 E1223849, N331100 E1203950"
ZSSSAR08,上海,0-12500,"N283730 E1212648, N300211 E1220000, N301500 E1221200, N303512 E1222400, N293508 E1234654, N290000 E1240000, N284157 E1234139, N275403 E1225151, N283730 E1212648"
ZSSSAR09,上海,7800-12500,"N273903 E1190612, N264500 E1182500, N262500 E1183300, N261500 E1183000, N253931 E1180002, N255828 E1171316, N265000 E1162900, N271200 E1165800, N274042 E1175918, N275512 E1183154, N273903 E1190612"
ZSSSAR10,上海,7800-12500,"N253931 E1180002, N242200 E1164200, N244024 E1152430, N250530 E1152500, N265000 E1162900, N255828 E1171316, N253931 E1180002"
ZSSSAR11,上海,7800-12500,"N290200 E1143400, N282542 E1155518, N275640 E1161043, N263959 E1152809, N264748 E1151600, N265118 E1144248, N264200 E1135700, N290200 E1143400"
ZSSSAR12,上海,7800-12500,"N300500 E1155600, N295118 E1173023, N292840 E1172700, N284758 E1174716, N275640 E1161043, N282542 E1155518, N290200 E1143400, N300500 E1155600"
ZSSSAR13,上海,7800-12500,"N343100 E1155430, N325430 E1154848, N315241 E1155127, N315717 E1170257, N324000 E1175254, N340342 E1173254, N344400 E1171642, N343100 E1155430"
ZSSSAR14,上海,0-7800,"N324021 E1183441, N324000 E1175254, N314300 E1180618, N313910 E1180600, N313412 E1184200, N312414 E1184252, N312126 E1193835, N313800 E1192200, N314738 E1192200, N321017 E1192943, N324755 E1185316, N324021 E1183441"
ZSSSAR15,上海,0-12500,"N311015 E1202449, N302247 E1205633, N295307 E1201431, N295715 E1194712, N300046 E1192656, N300542 E1185920, N303742 E1195255, N310743 E1201315, N311015 E1202449"
ZSSSAR16,上海,6000-12500,"N344400 E1171642, N340342 E1173254, N334906 E1173624, N334906 E1180936, N334756 E1183507, N342106 E1182307, N345144 E1180129, N344400 E1171642"
ZSSSAR17,上海,7800-12500,"N312035 E1165838, N300500 E1155600, N295118 E1173023, N294412 E1181512, N301126 E1182618, N305706 E1184512, N312414 E1184252, N312035 E1165838"
ZSSSAR18,上海,0-9800,"N283730 E1212648, N275403 E1225151, N262908 E1212656, N272500 E1193700, N282700 E1195359, N282700 E1204300, N283730 E1212648"
ZSSSAR19,上海,6000-12500,"N292400 E1193810, N281700 E1184000, N282233 E1180210, N281700 E1180800, N275512 E1183154, N272748 E1193006, N272500 E1193700, N291534 E1200725, N292400 E1193810"
ZSSSAR20,上海,7800-12500,"N263006 E1154230, N260618 E1160154, N265000 E1162900, N271200 E1165800, N275640 E1161043, N263959 E1152809, N263006 E1154230"
ZSSSAR21,上海,6000-12500,"N284758 E1174716, N292055 E1185253, N292505 E1190115, N293050 E1185655, N294030 E1185740, N300046 E1192656, N301126 E1182618, N294412 E1181512, N295118 E1173023, N292840 E1172700, N284758 E1174716"
ZSSSAR22,上海,7800-12500,"N264200 E1135700, N265118 E1144248, N264748 E1151600, N263959 E1152809, N263006 E1154230, N260618 E1160154, N250530 E1152500, N254600 E1145224, N260300 E1140700, N264200 E1135700"
ZSSSAR23,上海,7800-12500,"N314300 E1180618, N324000 E1175254, N315717 E1170257, N314106 E1170015, N312035 E1165838, N312414 E1184252, N313412 E1184200, N313910 E1180600, N314300 E1180618"
ZSSSAR24,上海,0-12500,"N315236 E1214712, N314342 E1212401, N331100 E1203950, N331100 E1223849, N322636 E1225724, N314611 E1224630, N315236 E1214712"
ZSSSAR25,上海,7800-12500,"N315241 E1155127, N315717 E1170257, N314106 E1170015, N312035 E1165838, N300500 E1155600, N315241 E1155127"
ZSSSAR26,上海,0-12500,"N313521 E1201944, N311911 E1201848, N312126 E1193835, N313800 E1192200, N314738 E1192200, N321017 E1192943, N324755 E1185316, N330401 E1193315, N321214 E1201704, N314758 E1203811, N313847 E1204605, N313521 E1201944"
ZSSSAR27,上海,0-12500,"N305706 E1184512, N301126 E1182618, N300542 E1185920, N303742 E1195255, N310743 E1201315, N311015 E1202449, N311911 E1201848, N312126 E1193835, N312414 E1184252, N305706 E1184512"
ZSSSAR28,上海,9800-12500,"N283730 E1212648, N275403 E1225151, N262908 E1212656, N272500 E1193700, N282700 E1195359, N282700 E1204300, N283730 E1212648"
ZSSSAR29,上海,7800-12500,"N273903 E1190612, N272748 E1193006, N272500 E1193700, N262908 E1212656, N250000 E1200000, N244130 E1193615, N250806 E1190800, N252005 E1185501, N253931 E1180002, N261500 E1183000, N262500 E1183300, N264500 E1182500, N273903 E1190612"
ZSSSAR30,上海,7800-12500,"N252005 E1185501, N250806 E1190800, N244130 E1193615, N230000 E1173000, N233000 E1173000, N234200 E1171100, N240000 E1165800, N242200 E1164200, N253931 E1180002, N252005 E1185501"
ZSSSAR31,上海,6000-12500,"N292505 E1190115, N291920 E1190540, N290700 E1192310, N281700 E1184000, N282233 E1180210, N282642 E1175748, N284758 E1174716, N292055 E1185253, N292505 E1190115"
ZSSSAR32,上海,7800-12500,"N295307 E1201431, N302247 E1205633, N301518 E1211311, N301500 E1221200, N300211 E1220000, N290120 E1213600, N293554 E1204854, N295307 E1201431"
ZSSSAR34,上海,7800-12500,"N324021 E1183441, N324000 E1175254, N314300 E1180618, N313910 E1180600, N313412 E1184200, N312414 E1184252, N312126 E1193835, N313800 E1192200, N314738 E1192200, N321017 E1192943, N324755 E1185316, N324021 E1183441"
ZSSSAR35,上海,7800-12500,"N271200 E1165800, N274042 E1175918, N275512 E1183154, N281700 E1180800, N282233 E1180210, N282642 E1175748, N284758 E1174716, N275640 E1161043, N271200 E1165800"
ZSSSAR36,上海,6000-12500,"N345144 E1180129, N342106 E1182307, N334756 E1183507, N334630 E1190642, N341855 E1201402, N350000 E1200000, N350530 E1192024, N345144 E1180129"
ZHCCAR01,郑州,0-7800,"N364000 E1152400, N351448 E1152700, N345353 E1153943, N341731 E1144240, N342706 E1135425, N340133 E1131748, N354459 E1130031, N360400 E1134836, N361900 E1143000, N364000 E1152400"
ZHCCAR02,郑州,0-7800,"N321238 E1141534, N335556 E1142354, N342221 E1141823, N341731 E1144240, N345353 E1153943, N343100 E1155430, N325430 E1154848, N321238 E1141534"
ZHCCAR03,郑州,0-7800,"N333200 E1105200, N323502 E1130153, N340133 E1131748, N354459 E1130031, N343200 E1101500, N340500 E1102900, N333200 E1105200"
ZHCCAR04,郑州,0-7800,"N321238 E1141534, N335556 E1142354, N342221 E1141823, N342706 E1135425, N340133 E1131748, N323502 E1130153, N320730 E1140412, N321238 E1141534"
ZSCNAP01,南昌,0-7800,"N300500 E1155600, N294412 E1181512, N292558 E1181105, N284937 E1162934, N290312 E1160926, N300500 E1155600"
ZSCNAP02,南昌,0-7800,"N300500 E1155600, N290312 E1160926, N284203 E1164046, N274552 E1153917, N273343 E1141035, N290200 E1143400, N300500 E1155600"
ZSCNAP03,南昌,0-7800,"N284203 E1164046, N272547 E1172716, N271200 E1165800, N265000 E1162900, N250530 E1152500, N254600 E1145224, N260300 E1140700, N264200 E1135700, N273343 E1141035, N274552 E1153917, N284203 E1164046"
ZSCNAP04,南昌,0-7800,"N292558 E1181105, N282642 E1175748, N281700 E1180800, N275512 E1183154, N274042 E1175918, N272547 E1172716, N284203 E1164046, N284937 E1162934, N292558 E1181105"
ZHHHAR01,武汉,0-7800,"N304659 E1141214, N320433 E1121632, N322303 E1112330, N331918 E1112104, N320730 E1140412, N325430 E1154848, N315204 E1155129, N313018 E1151712, N304659 E1141214"
ZHHHAR02,武汉,0-7800,"N304659 E1141214, N320433 E1121632, N322303 E1112330, N303343 E1112837, N292800 E1110800, N292430 E1122522, N300357 E1132529, N304659 E1141214"
ZHHHAR03,武汉,0-7800,"N331918 E1112104, N322303 E1112330, N303343 E1112837, N292800 E1110800, N293100 E1092400, N315400 E1093100, N333200 E1105200, N331918 E1112104"
ZHHHAR04,武汉,0-7800,"N304659 E1141214, N313018 E1151712, N315204 E1155129, N300500 E1155600, N290200 E1143400, N300520 E1141833, N304659 E1141214"
ZHHHAR05,武汉,0-7800,"N304659 E1141214, N300357 E1132529, N292430 E1122522, N292300 E1130712, N290200 E1143400, N300520 E1141833, N304659 E1141214"
ZGGGAR01,广州,6000-12500,"N244800 E1145100, N244537 E1145805, N250530 E1152500, N244024 E1152430, N242857 E1161243, N241024 E1160526, N234257 E1155437, N232600 E1142742, N233855 E1141941, N234306 E1141200, N241736 E1144406, N244800 E1145100"
ZGGGAR02,广州,0-12500,"N241736 E1144406, N234306 E1141200, N235542 E1133836, N241106 E1133254, N242156 E1133348, N251228 E1133805, N244800 E1145100, N241736 E1144406"
ZGGGAR03,广州,0-12500,"N242156 E1133348, N241106 E1133254, N235542 E1133836, N233206 E1132306, N232430 E1123200, N235103 E1124749, N242905 E1123408, N241958 E1132512, N242156 E1133348"
ZGGGAR04,广州,0-8400,"N242118 E1111648, N232430 E1123200, N230417 E1122907, N224800 E1122918, N215048 E1113030, N222806 E1104706, N225136 E1103300, N240742 E1101106, N240854 E1111600, N242118 E1111648"
ZGGGAR05,广州,0-9800,"N222130 E1135200, N214115 E1130000, N222606 E1130000, N224800 E1122918, N230417 E1122907, N232430 E1123200, N233206 E1132306, N235542 E1133836, N234306 E1141200, N233855 E1141941, N232600 E1142742, N231524 E1141118, N225400 E1140342, N224818 E1142800, N223700 E1144500, N222430 E1144500, N222430 E1143000, Hong Kong Boundaries, N222130 E1135200"
ZGGGAR06,广州,0-12500,"N222430 E1144500, N222430 E1154000, N223800 E1162200, N230500 E1153300, N231906 E1154518, N234257 E1155437, N232600 E1142742, N231524 E1141118, N225400 E1140342, N224818 E1142800, N223700 E1144500, N222430 E1144500"
ZGGGAR08,广州,0-12500,"N234200 E1171100, N233000 E1173000, N230000 E1173000, N223800 E1162200, N230500 E1153300, N231906 E1154518, N234257 E1155437, N241024 E1160526, N242857 E1161243, N242200 E1164200, N240000 E1165800, N234200 E1171100"
ZGGGAR11,广州,9200-12500,"N263500 E1091900, N251636 E1112024, N240854 E1111600, N240742 E1101106, N244006 E1095024, N254200 E1073900, N263500 E1091900"
ZGGGAR12,广州,7800-12500,"N273718 E1121729, N265430 E1123800, N253342 E1122130, N253100 E1121146, N251636 E1112024, N260608 E1100352, N274219 E1104255, N280734 E1104255, N281906 E1114720, a clockwised arc with radius, 50km centered at Laoliangcang, ‘LLC', N273718 E1121729."
ZGGGAR13,广州,7800-9800,"N283100 E1121144, N292500 E1121000, N292300 E1130712, N290200 E1143400, N274501 E1141326, N273743 E1133143, N265430 E1123800, N273718 E1121729, a clockwised arc with radius, 50km centered at Laoliangcang, ‘LLC', N283100 E1121144"
ZGGGAR14,广州,9800-12500,"N283100 E1121144, N292500 E1121000, N292300 E1130712, N290200 E1143400, N264200 E1135700, N262414 E1140132, N262210 E1135357, N261332 E1134323, N255630 E1134200, N253342 E1122130, N265430 E1123800, N273718 E1121729, a clockwised arc with radius, 50km centered at Laoliangcang, ‘LLC', N283100 E1121144"
ZGGGAR15,广州,7800-9800,"N304659 E1141214, N300520 E1141833, N290200 E1143400, N292300 E1130712, N292402 E1123854, N301259 E1131108, N303822 E1130832, N310701 E1130536, N304659 E1141214"
ZGGGAR16,广州,7800-9800,"N325430 E1154848, N314628 E1155142, N311730 E1144752, N304659 E1141214, N310701 E1130536, N313036 E1114651, N325635 E1121509, N323502 E1130153, N322530 E1132600, N320730 E1140412, N325430 E1154848"
ZGGGAR17,广州,7800-12500,"N333200 E1105200, N325635 E1121509, N313036 E1114651, N303343 E1112837, N292800 E1110800, N293100 E1092400, N315400 E1093100, N333200 E1105200"
ZGGGAR19,广州,7800-9200,"N281906 E1114720, N280734 E1104255, N275257 E1092121, N284700 E1092300, N293100 E1092400, N292800 E1110800, N292500 E1121000, N283100 E1121144, a clockwised arc with radius, 50km centered at Laoliangcang, ‘LLC', N281906 E1114720."
ZGGGAR20,广州,0-9800,"N260300 E1140700, N262414 E1140132, N262210 E1135357, N261332 E1134323, N255630 E1134200, N251228 E1133805, N244800 E1145100, N252605 E1145923, N260300 E1140700"
ZGGGAR21,广州,9800-12500,"N325430 E1154848, N300500 E1155600, N290200 E1143400, N300520 E1141833, N304659 E1141214, N313036 E1114651, N325635 E1121509, N320730 E1140412, N325430 E1154848"
ZGGGAR22,广州,7800-9200,"N263500 E1091900, N251636 E1112024, N240854 E1111600, N240742 E1101106, N244006 E1095024, N254200 E1073900, N263500 E1091900"
ZGGGAR23,广州,0-12500,"N232430 E1123200, N235103 E1124749, N242905 E1123408, N253100 E1121146, N251636 E1112024, N242118 E1111648, N232430 E1123200"
ZGGGAR24,广州,0-12500,"N214115 E1130000, N222606 E1130000, N224800 E1122918, N215048 E1113030, N213412 E1114936, N210900 E1113000, N203000 E1113000, N214115 E1130000"
ZGGGAR25,广州,7800-9800,"N274501 E1141326, N264200 E1135700, N262414 E1140132, N262210 E1135357, N261332 E1134323, N255630 E1134200, N253342 E1122130, N265430 E1123800, N273743 E1133143, N274501 E1141326"
ZGGGAR27,广州,9800-12500,"N304659 E1141214, N300520 E1141833, N290200 E1143400, N292300 E1130712, N292800 E1110800, N303343 E1112837, N313036 E1114651, N304659 E1141214"
ZGGGAR28,广州,0-12500,"N260300 E1140700, N252605 E1145923, N244800 E1145100, N244537 E1145805, N250530 E1152500, N254600 E1145224, N260300 E1140700"
ZGGGAR29,广州,9800-12500,"N222130 E1135200, N214115 E1130000, N222606 E1130000, N224800 E1122918, N230417 E1122907, N232430 E1123200, N233206 E1132306, N235542 E1133836, N234306 E1141200, N233855 E1141941, N232600 E1142742, N231524 E1141118, N225400 E1140342, N224818 E1142800, N223700 E1144500, N222430 E1144500, N222430 E1143000, Hong Kong Boundaries, N222130 E1135200"
ZGGGAR30,广州,8400-12500,"N242118 E1111648, N232430 E1123200, N230417 E1122907, N224800 E1122918, N215048 E1113030, N222806 E1104706, N225136 E1103300, N240742 E1101106, N240854 E1111600, N242118 E1111648"
ZGGGAR31,广州,7800-9800,"N310701 E1130536, N303822 E1130832, N301259 E1131108, N292402 E1123854, N292500 E1121000, N292800 E1110800, N303343 E1112837, N313036 E1114651, N310701 E1130536"
ZGGGAR32,广州,7800-12500,"N280734 E1104255, N274219 E1104255, N260608 E1100352, N263500 E1091900, N275257 E1092121, N280734 E1104255"
ZGGGAR33,广州,0-12500,"N255630 E1134200, N251228 E1133805, N242156 E1133348, N241958 E1132512, N242905 E1123408, N253100 E1121146, N253342 E1122130, N255630 E1134200"
ZGGGAR34,广州,8400-12500,"N241736 E1144406, N234306 E1141200, N235542 E1133836, N241106 E1133254, N242156 E1133348, N251228 E1133805, N244800 E1145100, N241736 E1144406"
ZGGGAR35,广州,9800-12500,"N260300 E1140700, N262414 E1140132, N262210 E1135357, N261332 E1134323, N255630 E1134200, N251228 E1133805, N244800 E1145100, N252605 E1145923, N260300 E1140700"
ZGGGAR36,广州,7800-9800,"N314628 E1155142, N300500 E1155600, N290200 E1143400, N300520 E1141833, N304659 E1141214, N311730 E1144752, N314628 E1155142"
ZGGGAR37,广州,9200-12500,"N281906 E1114720, N280734 E1104255, N275257 E1092121, N284700 E1092300, N293100 E1092400, N292800 E1110800, N292500 E1121000, N283100 E1121144, a clockwised arc with radius, 50km centered at Laoliangcang, ‘LLC', N281906 E1114720."
ZSAMAR01,厦门,0-7800,"N265000 E1162900, N260000 E1171551, N253625 E1172817, N243400 E1180100, N235631 E1184006, N230000 E1173000, N233000 E1173000, N234200 E1171100, N240000 E1165800, N242200 E1164200, N244024 E1152430, N250530 E1152500, N265000 E1162900"
ZSAMAR02,厦门,0-7800,"N255659 E1190126, N260000 E1175938, N253625 E1172817, N243400 E1180100, N235631 E1184006, N244130 E1193615, N250000 E1200000, N251425 E1201359, N254430 E1192306, N255659 E1190126"
ZSAMAR03,厦门,6000-7800,"N273307 E1191850, N270418 E1190826, N261826 E1190803, N255659 E1190126, N254430 E1192306, N251425 E1201359, N262908 E1212656, N272748 E1193006, N273307 E1191850"
ZSAMAR04,厦门,0-7800,"N265000 E1162900, N271200 E1165800, N274042 E1175918, N275512 E1183154, N273307 E1191850, N270418 E1190826, N261826 E1190803, N255659 E1190126, N260000 E1175938, N253625 E1172817, N260000 E1171551, N265000 E1162900"
ZGHAAR01,长沙,0-7800,"N292500 E1121000, N280106 E1125748, N263212 E1125048, N253342 E1122130, N251636 E1112024, N261600 E1094833, N270900 E1103700, N274219 E1104255, N282717 E1104101, N285048 E1113712, N292500 E1121000"
ZGHAAR02,长沙,0-7800,"N292500 E1121000, N292300 E1130712, N290200 E1143400, N274056 E1141229, N273900 E1133054, N271654 E1125418, N280106 E1125748, N292500 E1121000"
ZGHAAR03,长沙,0-7800,"N271654 E1125418, N273900 E1133054, N274056 E1141229, N264200 E1135700, N260300 E1140700, N253342 E1122130, N263212 E1125048, N271654 E1125418"
ZGHAAR04,长沙,0-7800,"N293100 E1092400, N292500 E1121000, N285048 E1113712, N275348 E1092123, N284700 E1092300, N293100 E1092400"
ZGHAAR05,长沙,0-6600,"N292500 E1121000, N280106 E1125748, N263212 E1125048, N253342 E1122130, N251636 E1112024, N261600 E1094833, N270900 E1103700, N274219 E1104255, N282717 E1104101, N285048 E1113712, N292500 E1121000"
ZGHAAR06,长沙,0-7800,"N263500 E1091900, N275348 E1092123, N282717 E1104101, N274219 E1104255, N270900 E1103700, N261600 E1094833, N263500 E1091900"
ZGKLAR01,桂林,0-7800,"N263500 E1091900, N251636 E1112024, N240854 E1111600, N240742 E1101106, N244006 E1095024, N254200 E1073900, N263500 E1091900"
ZJSYAR01,三亚,9200-12500,"N203000 E1080300, N195733 E1075547, N191604 E1071123, N182028 E1074053, N174000 E1082600, N174000 E1094000, N193000 E1113000, N203000 E1113000, N203000 E1080300"
ZJSYAR02,三亚,4270-12500,"N174000 E1082600, N174000 E1094000, N193000 E1113000, N182300 E1123000, N170000 E1113000, N160000 E1101734, N174000 E1082600"
ZJSYAR03,三亚,4270-12500,"N160000 E1101734, N170000 E1113000, N182300 E1123000, N164000 E1140000, N143000 E1140000, N143000 E1120000, N160000 E1101734"
ZJSYAR04,三亚,7200-9200,"N203000 E1080300, N195733 E1075547, N191604 E1071123, N182028 E1074053, N174000 E1082600, N174000 E1094000, N193000 E1113000, N203000 E1113000, N203000 E1080300"
ZJSYAR11,三亚,7800-12500,"N222806 E1104706, N213412 E1114936, N210900 E1113000, N203000 E1113000, N203000 E1100018, N222918 E1100018, N222806 E1104706"
ZJSYAR12,三亚,8900-12500,"N223018 E1092812, N213748 E1085812, N210000 E1084800, N203000 E1091500, N203000 E1100018, N222918 E1100018, N223018 E1092812"
ZGNNAR01,南宁,0-9800,"N250632 E1085425, N244006 E1095024, N240742 E1101106, N240854 E1111600, N232842 E1111824, N225136 E1103300, N222806 E1104706, N223018 E1092812, N220304 E1091236, N223200 E1090821, N230750 E1090430, N232428 E1085045, N233804 E1084821, N234055 E1080504, N234915 E1080942, N250632 E1085425"
ZGNNAR02,南宁,0-9800,"N231145 E1053230, N243900 E1054800, N254200 E1073900, N250632 E1085425, N234915 E1080942, N234055 E1080504, N231043 E1074818, N225915 E1060819, National Boundaries, N231145 E1053230"
ZGNNAR03,南宁,0-9800,"N225915 E1060819, N231043 E1074818, N234055 E1080504, N233804 E1084821, N232428 E1085045, N230750 E1090430, N223200 E1090821, N220304 E1091236, N213748 E1085812, N210000 E1084800, N203000 E1091500, N203000 E1080300, N211235 E1081231, National Boundaries, N225915 E1060819"
ZGNNAR04,南宁,9800-12500,"N250632 E1085425, N244006 E1095024, N240742 E1101106, N225136 E1103300, N222806 E1104706, N223018 E1092812, N220304 E1091236, N223200 E1090821, N230750 E1090430, N232428 E1085045, N233804 E1084821, N234055 E1080504, N234915 E1080942, N250632 E1085425"
ZGNNAR05,南宁,9800-12500,"N231145 E1053230, N243900 E1054800, N254200 E1073900, N250632 E1085425, N234915 E1080942, N234055 E1080504, N231043 E1074818, N225915 E1060819, National Boundaries, N231145 E1053230"
ZGNNAR06,南宁,9800-12500,"N225915 E1060819, N231043 E1074818, N234055 E1080504, N233804 E1084821, N232428 E1085045, N230750 E1090430, N223200 E1090821, N220304 E1091236, N213748 E1085812, N210000 E1084800, N203000 E1091500, N203000 E1080300, N211235 E1081231, National Boundaries, N225915 E1060819"
ZUGYAR01,贵阳,0-7800,"N284700 E1092300, N275100 E1061300, N270220 E1063945, N264655 E1070126, N280020 E1092131, N284700 E1092300"
ZUGYAR02,贵阳,0-7800,"N265700 E1044900, N273600 E1052500, N275100 E1061300, N270220 E1063945, N262922 E1064106, N250645 E1063650, N243900 E1054800, N265700 E1044900"
ZUGYAR03,贵阳,0-7800,"N270220 E1063945, N262922 E1064106, N250645 E1063650, N254200 E1073900, N263500 E1091900, N280020 E1092131, N264655 E1070126, N270220 E1063945"
ZPPPAR01,昆明,0-12500,"N251404 E1022818, N252500 E1022500, N260602 E1024906, N270928 E1023939, N274500 E1035300, N273600 E1052500, N265700 E1044900, N264500 E1042425, N260405 E1034626, N251404 E1022818"
ZPPPAR02,昆明,0-12500,"N250448 E1023106, N251404 E1022818, N260405 E1034626, N264500 E1042425, N265700 E1044900, N255000 E1051747, N250314 E1035222, N250448 E1023106"
ZPPPAR03,昆明,0-12500,"N224650 E1023056, N240630 E1024530, N250448 E1023106, N250314 E1035222, N255000 E1051747, N243900 E1054800, N231145 E1053230, National Boundaries, N224650 E1023056"
ZPPPAR04,昆明,0-12500,"N224614 E0992308, N234004 E1004123, N241801 E1014043, N250448 E1023106, N240630 E1024530, N224650 E1023056, National Boundaries, N224614 E0992308"
ZPPPAR05,昆明,0-12500,"N240500 E0985234, N244613 E1010931, N250448 E1023106, N241801 E1014043, N234004 E1004123, N224614 E0992308, National Boundaries, N240500 E0985234"
ZPPPAR06,昆明,0-12500,"N283100 E0973500, N282942 E0985430, N265312 E1020630, N270928 E1023939, N260602 E1024906, N252500 E1022500, N251404 E1022818, N250448 E1023106, N244613 E1010931, N240500 E0985234, National Boundaries, N283100 E0973500"
ZUUUAR01,成都,7800-12500,"N321400 E1072400, N315853 E1090000, N304821 E1082544, N294252 E1070223, N294324 E1063842, N294206 E1054400, N321400 E1072400"
ZUUUAR02,成都,0-8100,"N301706 E1050106, N300701 E1044030, N300000 E1042636, N295546 E1041814, N295748 E1032853, N273343 E1032940, N274500 E1035300, N273600 E1052500, N275100 E1061300, N283506 E1054130, N294206 E1054400, N301706 E1050106"
ZUUUAR03,成都,0-12500,"N325500 E1014200, N300932 E1013144, N294338 E1011709, N275048 E1001133, N282942 E0985430, N283100 E0973500, N310900 E0971030, N320600 E0970000, N314900 E0983500, N325500 E1014200"
ZUUUAR04,成都,0-12500,"N322700 E1054900, N333500 E1035300, N331056 E1023410, N310000 E1033700, N311456 E1042244, N311029 E1043336, N321618 E1043022, N321526 E1052533, N322700 E1054900"
ZUUUAR05,成都,0-12500,"N305435 E1045823, N303939 E1045652, N301706 E1050106, N294206 E1054400, N310407 E1063740, N312422 E1065102, N311221 E1060549, N310425 E1045837, N310011 E1045140, N305435 E1045823"
ZUUUAR06,成都,0-7800,"N321400 E1072400, N315811 E1090430, N304821 E1082544, N293505 E1070303, N294324 E1063842, N294206 E1054400, N321400 E1072400"
ZUUUAR07,成都,0-7800,"N294206 E1054400, N294324 E1063842, N284700 E1092300, N275100 E1061300, N283506 E1054130, N294206 E1054400"
ZUUUAR08,成都,8100-12500,"N300000 E1042636, N295546 E1041814, N295748 E1032853, N273343 E1032940, N274500 E1035300, N273952 E1044532, N280235 E1051147, N300000 E1042636"
ZUUUAR09,成都,0-12500,"N321526 E1052533, N321618 E1043022, N311029 E1043336, N310550 E1044453, N310011 E1045140, N312851 E1053820, N321526 E1052533"
ZUUUAR10,成都,7800-12500,"N294206 E1054400, N294324 E1063842, N294252 E1070223, N282615 E1081309, N275100 E1061300, N283506 E1054130, N294206 E1054400"
ZUUUAR11,成都,0-12500,"N310000 E1033700, N295900 E1030000, N295546 E1041814, N300701 E1044030, N301706 E1050106, N303939 E1045652, N305435 E1045823, N310550 E1044453, N311456 E1042244, N310000 E1033700"
ZUUUAR12,成都,0-12500,"N310000 E1033700, N331056 E1023410, N325500 E1014200, N300932 E1013144, N294338 E1011709, N295900 E1030000, N310000 E1033700"
ZUUUAR13,成都,7800-12500,"N282615 E1081309, N294252 E1070223, N304821 E1082544, N315853 E1090000, N315400 E1093100, N293100 E1092400, N284700 E1092300, N282615 E1081309"
ZUUUAR15,成都,0-12500,"N321738 E1065724, N310425 E1045837, N311221 E1060549, N312422 E1065102, N321400 E1072400, N321738 E1065724"
ZUUUAR16,成都,0-12500,"N321526 E1052533, N322700 E1054900, N321738 E1065724, N312851 E1053820, N321526 E1052533"
ZUUUAR17,成都,0-12500,"N295748 E1032853, N295900 E1030000, N294338 E1011709, N275048 E1001133, N265312 E1020630, N273343 E1032940, N295748 E1032853"
ZUUUAR18,成都,8100-12500,"N301706 E1050106, N300701 E1044030, N300000 E1042636, N280235 E1051147, N273952 E1044532, N273600 E1052500, N275100 E1061300, N283506 E1054130, N294206 E1054400, N301706 E1050106"
ZUUUAR19,成都,0-7800,"N315811 E1090430, N315400 E1093100, N293100 E1092400, N284700 E1092300, N293505 E1070303, N304821 E1082544, N315811 E1090430"
ZUUUAR21,成都,7800-12500,"N284700 E1092300, N263500 E1091900, N261801 E1084652, N264836 E1070730, N281246 E1072638, N284700 E1092300"
ZUUUAR22,成都,7800-12500,"N265700 E1044900, N273600 E1052500, N275100 E1061300, N281246 E1072638, N264836 E1070730, N263854 E1063621, N262852 E1050107, N265700 E1044900"
ZUUUAR23,成都,7800-12500,"N262852 E1050107, N263854 E1063621, N264836 E1070730, N261801 E1084652, N254200 E1073900, N250645 E1063650, N243900 E1054800, N262852 E1050107"
ZBHHAR01,呼和浩特,0-7800,"N424022 E1101306, N410737 E1105227, N410418 E1130054, N412749 E1132340, N412000 E1143100, N421106 E1162830, N421500 E1180500, N431442 E1173100, N452317 E1152115, National Boundaries, N424022 E1101306"
ZBHHAR02,呼和浩特,0-7800,"N414451 E1051345, N404300 E1055500, N401842 E1070012, N384400 E1094100, N393100 E1121700, N400600 E1131736, N402624 E1140500, N412000 E1143100, N412749 E1132340, N410418 E1130054, N410737 E1105227, N424022 E1101306, National Boundaries, N414451 E1051345"
ZLXYAR01,西安,0-8900,"N390648 E1090234, N384400 E1094100, N382200 E1103600, N372800 E1104400, N353200 E1101800, N345709 E1101615, N350711 E1094100, N352517 E1083547, N371841 E1074044, N390648 E1090234"
ZLXYAR02,西安,0-8900,"N350711 E1094100, N345709 E1101615, N343200 E1101500, N340500 E1102900, N333200 E1105200, N315400 E1093100, N315853 E1090000, N334327 E1090943, N350711 E1094100"
ZLXYAR03,西安,0-8900,"N334327 E1090943, N315853 E1090000, N321400 E1072400, N322700 E1054900, N342900 E1063956, N341627 E1072240, N334327 E1090943"
ZLXYAR04,西安,0-8900,"N371841 E1074044, N352517 E1083547, N341627 E1072240, N342900 E1063956, N345330 E1065100, N352924 E1062000, N371841 E1074044"
ZLXYAR05,西安,8900-12500,"N334327 E1090943, N315853 E1090000, N321400 E1072400, N322700 E1054900, N342900 E1063956, N341627 E1072240, N334327 E1090943"
ZLXYAR06,西安,8900-12500,"N390648 E1090234, N384400 E1094100, N382200 E1103600, N372800 E1104400, N353200 E1101800, N345709 E1101615, N350711 E1094100, N352517 E1083547, N371841 E1074044, N390648 E1090234"
ZLXYAR07,西安,8900-12500,"N350711 E1094100, N345709 E1101615, N343200 E1101500, N340500 E1102900, N333200 E1105200, N315400 E1093100, N315853 E1090000, N334327 E1090943, N350711 E1094100"
ZLXYAR08,西安,8900-12500,"N371841 E1074044, N352517 E1083547, N341627 E1072240, N342900 E1063956, N345330 E1065100, N352924 E1062000, N371841 E1074044"
ZLXYAR09,西安,8900-12500,"N380000 E1012156, N371148 E1040442, N341507 E1025645, N353901 E1004846, N364730 E0990500, N373712 E1010000, N380000 E1012156"
ZLXYAR10,西安,8900-12500,"N414451 E1051345, N404300 E1055500, N401842 E1070012, N390648 E1090234, N361549 E1065318, N371148 E1040442, N380000 E1012156, N414451 E1051345"
ZLXYAR11,西安,8900-12500,"N371148 E1040442, N361549 E1065318, N352924 E1062000, N345330 E1065100, N322700 E1054900, N333500 E1035300, N341507 E1025645, N371148 E1040442"
ZLXYAR12,西安,0-8900,"N352517 E1083547, N350711 E1094100, N334327 E1090943, N341627 E1072240, N352517 E1083547"
ZLXYAR13,西安,8900-12500,"N352517 E1083547, N350711 E1094100, N334327 E1090943, N341627 E1072240, N352517 E1083547"
ZLLLAR01,兰州,0-7800,"N380000 E1012156, N371148 E1040442, N363651 E1055136, N361549 E1065318, N352924 E1062000, N345330 E1065100, N351204 E1055559, N351538 E1054511, N354633 E1040907, N354656 E1031215, N363142 E1020154, N371140 E1000000, N373713 E1010017, N380000 E1012156"
ZLLLAR02,兰州,0-8900,"N395111 E1074718, N393218 E1070014, N384406 E1050519, N375917 E1052156, N375124 E1052506, N363651 E1055136, N361549 E1065318, N371841 E1074044, N390648 E1090234, N395111 E1074718"
ZLLLAR03,兰州,0-12500,"N414451 E1051345, N380000 E1012156, N385435 E0991308, N423409 E1012323, National Boundaries, N414451 E1051345"
ZLLLAR04,兰州,0-12500,"N384510 E0904548, N382100 E0901300, N362500 E0872300, N360200 E0890100, N325200 E0915500, N314900 E0983500, N325500 E1014200, N333500 E1035300, N353901 E1004846, N364730 E0990500, N381539 E0955309, N383413 E0925731, N383714 E0922406, N384510 E0904548"
ZLLLAR05,兰州,0-7800,"N371140 E1000000, N363142 E1020154, N354656 E1031215, N354633 E1040907, N351538 E1054511, N351204 E1055559, N345330 E1065100, N342900 E1063956, N322700 E1054900, N333500 E1035300, N353901 E1004846, N364730 E0990500, N371140 E1000000"
ZLLLAR06,兰州,7800-8900,"N371140 E1000000, N363142 E1020154, N354656 E1031215, N354633 E1040907, N351538 E1054511, N351204 E1055559, N345330 E1065100, N342900 E1063956, N322700 E1054900, N333500 E1035300, N353901 E1004846, N364730 E0990500, N371140 E1000000"
ZLLLAR07,兰州,0-12500,"N394310 E0971707, N392801 E0970200, N391608 E0965039, N385800 E0963249, N381539 E0955309, N364730 E0990500, N371140 E1000000, N373713 E1010017, N380000 E1012156, N385435 E0991308, N394310 E0971707"
ZLLLAR08,兰州,7800-8900,"N380000 E1012156, N371148 E1040442, N363651 E1055136, N361549 E1065318, N352924 E1062000, N345330 E1065100, N351204 E1055559, N351538 E1054511, N354633 E1040907, N354656 E1031215, N363142 E1020154, N371140 E1000000, N373713 E1010017, N380000 E1012156"
ZLLLAR09,兰州,0-12500,"N423409 E1012323, N385435 E0991308, N394310 E0971707, N401830 E0960518, N410141 E0950155, N412331 E0943103, N414800 E0950800, N425500 E0962014, National Boundaries, N423409 E1012323"
ZLLLAR11,兰州,0-8900,"N423409 E1012323, N385435 E0991308, N394310 E0971707, N401830 E0960518, N410141 E0950155, N412331 E0943103, N414800 E0950800, N425500 E0962014, National Boundaries, N423409 E1012323"
ZLLLAR12,兰州,0-12500,"N412331 E0943103, N384510 E0904548, N383714 E0922406, N383413 E0925731, N381539 E0955309, N385800 E0963249, N391608 E0965039, N392801 E0970200, N394310 E0971707, N401830 E0960518, N410141 E0950155, N412331 E0943103"
ZWWWAR01,乌鲁木齐,9500-12500,"N425500 E0962014, N414800 E0950800, N394659 E0921029, N401606 E0902422, N420937 E0911235, N423106 E0914139, N450048 E0923546, National Boundaries, N425500 E0962014"
ZWWWAR02,乌鲁木齐,0-12500,"N454450 E0904425, N452511 E0875813, N434848 E0875655, N433218 E0875636, N432051 E0871058, N433300 E0864200, N441628 E0845532, N441318 E0841712, N435648 E0811818, N434800 E0803224, National Boundaries, N454450 E0904425"
ZWWWAR03,乌鲁木齐,0-12500,"N434800 E0803224, N435648 E0811818, N441318 E0841712, N441628 E0845532, N433300 E0864200, N432051 E0871058, N420324 E0863400, N420305 E0861552, N421238 E0840005, N424130 E0814421, N425344 E0803515, National Boundaries, N434800 E0803224"
ZWWWAR04,乌鲁木齐,0-12500,"N450048 E0923546, N423106 E0914139, N420937 E0911235, N401606 E0902422, N411000 E0870249, N414241 E0864514, N420324 E0863400, N432051 E0871058, N433218 E0875636, N434848 E0875655, N452511 E0875813, N454450 E0904425, National Boundaries, N450048 E0923546"
ZWWWAR05,乌鲁木齐,0-12500,"N383015 E0745129, N382150 E0770943, N371744 E0780201, N372807 E0803015, N400424 E0860000, N411000 E0870249, N401606 E0902422, N394659 E0921029, N382100 E0901300, N362500 E0872300, N321806 E0840318, N302630 E0813730, National Boundaries, N383015 E0745129"
ZWWWAR06,乌鲁木齐,0-12500,"N383015 E0745129, N382150 E0770943, N371744 E0780201, N372807 E0803015, N400424 E0860000, N411000 E0870249, N414333 E0864436, N420324 E0863400, N420305 E0861552, N421238 E0840005, N424130 E0814421, N425344 E0803515, National Boundaries, N383015 E0745129"
ZWWWAR07,乌鲁木齐,0-9500,"N425500 E0962014, N414800 E0950800, N394659 E0921029, N401606 E0902422, N420937 E0911235, N423106 E0914139, N450048 E0923546, National Boundaries, N425500 E0962014"
ZWWWAR08,乌鲁木齐,0-9500,"N454450 E0904425, N452511 E0875813, N434848 E0875655, N422904 E0903636, N420937 E0911235, N423106 E0914139, N450048 E0923546, National Boundaries, N454450 E0904425"
ZULSAR01,拉萨,0-12500,"N302630 E0813730, N321806 E0840318, N362500 E0872300, N360200 E0890100, N325200 E0915500, N320600 E0970000, N310900 E0971030, N283100 E0973500, National Boundaries, N302630 E0813730"
ZGZJAR01,湛江,0-7800,"N213412 E1114936, N210900 E1113000, N203000 E1113000, N203018 E1102942, N215048 E1113030, N213412 E1114936"
ZGZJAR02,湛江,0-8900,"N223018 E1092812, N213748 E1085812, N210000 E1084800, N203000 E1091500, N203000 E1100018, N222918 E1100018, N223018 E1092812"
ZGZJAR03,湛江,0-7800,"N203018 E1102942, N215048 E1113030, N222806 E1104706, N222918 E1100018, N203000 E1100018, N203018 E1102942"
